<?xml version="1.0" encoding="windows-1252"?>
<UMLProfile profiletype="uml2">
	<Documentation id="E232EAF0-2" name="wcmf" version="1.0" notes="wcmf"/>
	<Content>
		<Stereotypes>
			<Stereotype name="WCMFActionKey" notes="An action key used in WCMF. An action key assoziates two controllers (to define a control flow) or a view with a controller (to define a view attachment). Controller, Views and Associations define the application flow" cx="100" cy="80" bgcolor="-1" fontcolor="-1" bordercolor="-1" borderwidth="-1" hideicon="0">
				<AppliesTo>
					<Apply type="Association">
						<Property name="direction" value="Source -&gt; Destination"/>
					</Apply>
				</AppliesTo>
				<TaggedValues>
					<Tag name="action" type="String" description="The Action which triggeres this association" unit="" values="" default=""/>
					<Tag name="config" type="String" description="The configuration file in which this association will be placed" unit="" values="" default="config.ini"/>
					<Tag name="context" type="String" description="The Context in which this association is valid" unit="" values="" default=""/>
				</TaggedValues>
			</Stereotype>
			<Stereotype name="WCMFAssociation" notes="An association end used in WCMF" cx="100" cy="80" bgcolor="-1" fontcolor="-1" bordercolor="-1" borderwidth="-1" hideicon="0">
				<AppliesTo>
					<Apply type="Association">
						<Property name="aggregation" value="none"/>
						<Property name="default" value=""/>
						<Property name="isComposite" value=""/>
						<Property name="isDerived" value="false"/>
						<Property name="isDerivedUnion" value="false"/>
						<Property name="isReadOnly" value="false"/>
					</Apply>
				</AppliesTo>
				<TaggedValues>
					<Tag name="fk_name" type="String" description="The name of the foreign key column. The generator will add this if there is no appropriate attribute. If not given the generator will add 'fk_[parent]_id'" unit="" values="" default=""/>
				</TaggedValues>
			</Stereotype>
			<Stereotype name="WCMFController" notes="A Controller type used in WCMF. Controller, Views and Associations define the application flow" cx="100" cy="80" bgcolor="-1" fontcolor="-1" bordercolor="-1" borderwidth="-1" hideicon="0">
				<AppliesTo>
					<Apply type="Class">
						<Property name="isActive" value=""/>
					</Apply>
				</AppliesTo>
			</Stereotype>
			<Stereotype name="WCMFManyToMany" notes="A many to many node used in WCMF. It is used to realize a many to many relation between wo WCMFNodes" cx="100" cy="80" bgcolor="-1" fontcolor="-1" bordercolor="-1" borderwidth="-1" hideicon="0" generalizes="WCMFNode"/>
			<Stereotype name="WCMFNode" notes="A Node type used in WCMF. Nodes and Values define the application data model" cx="100" cy="80" bgcolor="-1" fontcolor="-1" bordercolor="-1" borderwidth="-1" hideicon="0">
				<AppliesTo>
					<Apply type="Class">
						<Property name="isActive" value=""/>
					</Apply>
				</AppliesTo>
				<TaggedValues>
					<Tag name="child_order" type="String" description="The order of the associated children e.g. for Recipe: Image|Info|AdminInfo" unit="" values="" default=""/>
					<Tag name="display_value" type="String" description="The display value of a node e.g. for Recipe: name|AdminInfo/status|Info/status" unit="" values="" default=""/>
					<Tag name="initparams" type="String" description="The configuration section that is used on initialization of the corresponding mapper." unit="" values="" default=""/>
					<Tag name="is_searchable" type="enumeration" description="Indicates wether this type should be included in the default search." unit="" values="true,false" default="true"/>
					<Tag name="is_soap" type="enumeration" description="Indicates wether a SOAP interface should be generated for this type." unit="" values="true,false" default="true"/>
					<Tag name="orderby" type="String" description="Definition of default sorting. Possible values: 'none' (no order), 'sortkey' (generates a 'sortkey' column, that is used for explicit sorting) or any the name of any WCMFValue defined in the node optionally followed by [ASC|DESC] e.g. 'name ASC'" unit="" values="" default="none"/>
					<Tag name="parent_order" type="String" description="The order of the associated parents." unit="" values="" default=""/>
					<Tag name="pk_name" type="String" description="The name of the primary key column. The generator will add this if there is no appropriate attribute." unit="" values="" default="id"/>
					<Tag name="table_name" type="String" description="The name of the database table. If not given the name will be taken." unit="" values="" default=""/>
				</TaggedValues>
			</Stereotype>
			<Stereotype name="WCMFSystem" notes="A system configuration. Settings are modelled as attributes with default values" cx="100" cy="80" bgcolor="-1" fontcolor="-1" bordercolor="-1" borderwidth="-1" hideicon="0">
				<AppliesTo>
					<Apply type="Class">
						<Property name="isActive" value=""/>
					</Apply>
				</AppliesTo>
				<TaggedValues>
					<Tag name="config" type="String" description="The configuration file where the settings will be placed." unit="" values="" default="config.ini"/>
					<Tag name="plattform" type="String" description="The plattform to which the configuration settings apply." unit="" values="" default=""/>
				</TaggedValues>
			</Stereotype>
			<Stereotype name="WCMFValue" notes="A Node value type used in WCMF. These values are persistent" cx="100" cy="80" bgcolor="-1" fontcolor="-1" bordercolor="-1" borderwidth="-1" hideicon="0">
				<AppliesTo>
					<Apply type="Attribute"/>
				</AppliesTo>
				<TaggedValues>
					<Tag name="app_data_type" type="String" description="The datatype used in the application e.g. DATATYPE_DONTCARE, DATATYPE_ATTRIBUTE, DATATYPE_ELEMENT or DATATYPE_IGNORE" unit="" values="" default="DATATYPE_ATTRIBUTE"/>
					<Tag name="column_name" type="String" description="The name of the database column. If not given the name will be taken" unit="" values="" default=""/>
					<Tag name="db_data_type" type="String" description="The datatype used in the database" unit="" values="" default="VARCHAR(255)"/>
					<Tag name="display_type" type="String" description="The HTML display type for the attribute e.g. image" unit="" values="" default="text"/>
					<Tag name="input_type" type="String" description="The HTML input type for the attribute e.g. select#fix:key1[val1]|key2[val2]" unit="" values="" default="text"/>
					<Tag name="is_editable" type="enumeration" description="Whether the attribute is editable or not" unit="" values="true,false" default="true"/>
					<Tag name="restrictions_description" type="String" description="A text describing the restrictions" unit="" values="" default=""/>
					<Tag name="restrictions_match" type="String" description="A regular expression that the value must match (e.g. '[0-3][0-9]\.[0-1][0-9]\.[0-9][0-9][0-9][0-9]' for date values)" unit="" values="" default=""/>
					<Tag name="restrictions_not_match" type="String" description="A regular expression that the value must NOT match" unit="" values="" default=""/>
				</TaggedValues>
			</Stereotype>
			<Stereotype name="WCMFValueRef" notes="A Node value type used in WCMF. These values reference values of other Node types and are not persistent" cx="100" cy="80" bgcolor="-1" fontcolor="-1" bordercolor="-1" borderwidth="-1" hideicon="0">
				<AppliesTo>
					<Apply type="Attribute"/>
				</AppliesTo>
				<TaggedValues>
					<Tag name="reference_type" type="String" description="The type where the value is taken from. NOTE: The type MUST be connected (at a destination end)" unit="" values="" default=""/>
					<Tag name="reference_value" type="String" description="The referenced attribute" unit="" values="" default=""/>
				</TaggedValues>
			</Stereotype>
			<Stereotype name="WCMFView" notes="A View used in WCMF. Controller, Views and Associations define the application flow" cx="100" cy="80" bgcolor="-1" fontcolor="-1" bordercolor="-1" borderwidth="-1" hideicon="0">
				<AppliesTo>
					<Apply type="Class">
						<Property name="isActive" value=""/>
					</Apply>
				</AppliesTo>
			</Stereotype>
		</Stereotypes>
		<TaggedValueTypes/>
	</Content>
</UMLProfile>
