<?xml version="1.0" encoding="UTF-8"?>
<cartridgeinfo system="false">
	<name>Chronos Web Editor</name>
	<description>Chronos Web Editor Cartridge</description>
	<dependencies>
		<dependency>UmlConnector</dependency>
		<dependency>ChiCmf</dependency>
	</dependencies>
	<properties>
		<property name="codeGenerator">true</property>
		<property name="workflow">workflow/cwe-headless.oaw</property>
		<property name="targetPlatform">ExtJS on JavaScript in a Browser</property>
	</properties>
</cartridgeinfo>